{
  "contentClusters": [
    {
      "label": "内容簇1",
      "size": 6000,
      "topKeywords": [
        [
          "囊囊囊",
          371
        ],
        [
          "色",
          42
        ],
        [
          "我",
          35
        ],
        [
          "是的",
          26
        ],
        [
          "囊囊囔",
          22
        ],
        [
          "囔囊囊",
          22
        ],
        [
          "囊囊囊囊囊囊",
          22
        ],
        [
          "ok",
          21
        ]
      ],
      "sampleMessages": [
        "学校里的",
        "有人出电动车吗，帮哥哥问的",
        "宿舍断电了？"
      ]
    }
  ],
  "userClusters": [
    {
      "label": "日常互动型",
      "size": 59,
      "avgMetrics": {
        "log_total": 6.299075057986831,
        "group_share": 0.9884554127285015,
        "messages_per_day": 15.921186440677962,
        "media_share": 0.0,
        "night_share": 0.11687952304996958,
        "avg_len": 5.13098056070076,
        "active_days": 33.57627118644068,
        "unique_sessions": 2.593220338983051
      },
      "exampleUsers": [
        "U364",
        "U294",
        "U2266",
        "U344",
        "U370"
      ]
    },
    {
      "label": "日常互动型",
      "size": 33,
      "avgMetrics": {
        "log_total": 7.923594868311747,
        "group_share": 0.9895865326475598,
        "messages_per_day": 81.97787878787878,
        "media_share": 0.0,
        "night_share": 0.1267133743917979,
        "avg_len": 4.438421763054328,
        "active_days": 41.42424242424242,
        "unique_sessions": 5.454545454545454
      },
      "exampleUsers": [
        "U149",
        "U258",
        "U279",
        "U214",
        "U506"
      ]
    },
    {
      "label": "日常互动型",
      "size": 90,
      "avgMetrics": {
        "log_total": 5.220715934782792,
        "group_share": 0.9759239174212119,
        "messages_per_day": 6.13688888888889,
        "media_share": 0.00010486218113336757,
        "night_share": 0.11332856875315424,
        "avg_len": 4.89197735267153,
        "active_days": 21.522222222222222,
        "unique_sessions": 2.6333333333333333
      },
      "exampleUsers": [
        "U281",
        "U698",
        "U1963",
        "U704",
        "U3427"
      ]
    },
    {
      "label": "日常互动型",
      "size": 85,
      "avgMetrics": {
        "log_total": 4.875039644614955,
        "group_share": 0.9898598950578689,
        "messages_per_day": 13.872470588235299,
        "media_share": 0.0,
        "night_share": 0.13414601003530469,
        "avg_len": 5.971628492493479,
        "active_days": 9.505882352941176,
        "unique_sessions": 1.9764705882352942
      },
      "exampleUsers": [
        "U3230",
        "U3231",
        "U3235",
        "U285",
        "U2283"
      ]
    }
  ],
  "sessionClusters": [
    {
      "label": "待唤醒/长尾",
      "size": 734,
      "avgMetrics": {
        "messages": 5.0858310626703,
        "unique_users": 1.005449591280654,
        "gini": 0.0007220708446866485,
        "top_share": 0.9979972752043597,
        "per_day": 2.1280108991825615,
        "quiet_days": 2.035422343324251
      },
      "topKeywords": [
        [
          "小小纺",
          19
        ],
        [
          "ai",
          18
        ],
        [
          "本人是真人学姐",
          15
        ],
        [
          "在进行项目调研不会骚扰人目前是",
          15
        ],
        [
          "项目测试版我们这个就是之前新生群里的小小纺目前在做调试如果你有朋友感兴趣的话也可以直接加我这个号",
          15
        ],
        [
          "请求添加你为好友",
          11
        ],
        [
          "我是来自群聊",
          11
        ],
        [
          "你好",
          10
        ]
      ],
      "exampleSessions": [
        "S156",
        "S206",
        "S15",
        "S226",
        "S852"
      ]
    },
    {
      "label": "待唤醒/长尾",
      "size": 8,
      "avgMetrics": {
        "messages": 3.875,
        "unique_users": 1.0,
        "gini": 0.0,
        "top_share": 1.0,
        "per_day": 2.0,
        "quiet_days": 2.875
      },
      "topKeywords": [
        [
          "我们已成功添加为好友",
          9
        ],
        [
          "现在可以开始聊天啦",
          9
        ],
        [
          "ok",
          2
        ],
        [
          "哦哦",
          2
        ],
        [
          "我是来自群聊",
          1
        ],
        [
          "机器人测试专用群",
          1
        ],
        [
          "的小小纺",
          1
        ],
        [
          "号",
          1
        ]
      ],
      "exampleSessions": [
        "S1974",
        "S1633",
        "S1832",
        "S2009",
        "S2029"
      ]
    },
    {
      "label": "平稳交流",
      "size": 58,
      "avgMetrics": {
        "messages": 3569.8275862068967,
        "unique_users": 71.34482758620689,
        "gini": 0.6013793103448275,
        "top_share": 0.24948275862068964,
        "per_day": 101.78672413793105,
        "quiet_days": 7.603448275862069
      },
      "topKeywords": [
        [
          "囊囊囊",
          371
        ],
        [
          "是的",
          362
        ],
        [
          "我",
          340
        ],
        [
          "ok",
          292
        ],
        [
          "qq",
          291
        ],
        [
          "如此嘛",
          284
        ],
        [
          "全体成员",
          284
        ],
        [
          "月",
          242
        ]
      ],
      "exampleSessions": [
        "S107",
        "S110",
        "S100",
        "S174",
        "S115"
      ]
    }
  ]
}